Rk,Player,Pos,Age,Tm,G,MP,PER,TS%,3PAr,FTr,ORB%,DRB%,TRB%,AST%,STL%,BLK%,TOV%,USG%,,OWS,DWS,WS,WS/48,,OBPM,DBPM,BPM,VORP
1,Kareem Abdul-Jabbar*,C,38,LAL,79,2629,22.7,0.603,0.001,0.328,6,14.2,10.3,15.7,1.2,2.7,11.7,26.6,,7.6,3.2,10.8,0.197,,4.4,1,5.4,4.9
2,Alvan Adams,C,31,PHO,78,2005,15.3,0.547,0.003,0.299,8.9,18.1,13.7,22.5,2.4,1.3,21.1,19.4,,1.2,2.7,3.9,0.094,,0.2,1.5,1.6,1.8
3,Michael Adams,PG,23,SAC,18,139,8,0.406,0.068,0.273,1.6,3.2,2.4,20.3,3,0.4,18.2,17.5,,-0.2,0.1,-0.1,-0.028,,-3.6,-0.2,-3.8,-0.1
4,Mark Aguirre,SF,26,DAL,74,2501,19.2,0.547,0.042,0.34,7.9,11.6,9.8,20.9,1.2,0.3,14.2,29,,3.7,0.9,4.7,0.09,,2.3,-2.1,0.3,1.4
5,Danny Ainge,SG,26,BOS,80,2407,13.6,0.562,0.104,0.194,2.3,8.1,5.4,21.3,1.9,0.2,14.5,15.2,,3.6,3.2,6.8,0.136,,-0.1,1,0.9,1.8
6,Ron Anderson,SF,27,TOT,77,1676,14,0.517,0.014,0.202,8.5,9.3,8.9,12.5,1.6,0.2,10.7,18.7,,1.6,1.5,3.1,0.09,,0.3,-0.4,-0.1,0.8
6,Ron Anderson,SF,27,CLE,17,207,10.4,0.531,0.014,0.216,2.7,11.2,6.9,5.5,0.2,0,6.9,17.2,,0.2,0.1,0.3,0.064,,-1.9,-0.9,-2.8,0
6,Ron Anderson,SF,27,IND,60,1469,14.5,0.515,0.014,0.2,9.3,9,9.2,13.5,1.8,0.2,11.2,19,,1.4,1.4,2.9,0.094,,0.6,-0.3,0.3,0.9
7,John Bagley,PG,25,CLE,78,2472,15.2,0.475,0.043,0.249,3.4,8.9,6.1,40.7,2.3,0.2,19.9,19.8,,1,2,3,0.059,,1.3,-0.7,0.6,1.6
8,James Bailey,PF,28,NYK,48,1245,12.6,0.516,0.009,0.377,8.8,22.1,15.2,6.1,1.3,2,16.1,20.7,,0,2,1.9,0.075,,-3.3,0.1,-3.2,-0.4
9,Thurl Bailey,PF,24,UTA,82,2358,15,0.499,0.006,0.257,6.9,15.7,11.4,9.7,0.8,2.7,10.7,23,,1,3,4,0.081,,-0.5,-0.4,-0.9,0.7
10,Greg Ballard,SF,31,GSW,75,1792,13.4,0.529,0.061,0.221,7.7,17.9,12.6,6,1.7,0.2,7.9,14.9,,2.6,1,3.6,0.097,,-0.3,-0.7,-1,0.4
11,Gene Banks,SF,26,CHI,82,2139,15.5,0.559,0.028,0.371,9.1,10,9.5,16.6,1.8,0.3,14.8,17.9,,3.7,0.6,4.3,0.097,,1.6,-0.9,0.8,1.5
12,Ken Bannister,PF,25,NYK,70,1405,10.4,0.511,0.002,0.52,6.8,19.7,13,4.6,1.5,1.1,18,21.4,,-1.3,2,0.7,0.025,,-4.2,-0.1,-4.3,-0.8
13,Charles Barkley*,PF,22,PHI,80,2952,22.4,0.619,0.072,0.555,13.4,25.4,19.4,16,2.8,2.4,21.3,22.4,,5.4,5.5,10.8,0.176,,3.1,2,5.1,5.3
14,John Battle,SG,23,ATL,64,639,11.7,0.518,0.032,0.464,2.1,8.6,5.3,16.3,1.7,0.3,15,20.1,,0.4,0.6,1,0.074,,-2.1,0.2,-1.9,0
15,Benoit Benjamin,C,21,LAC,79,2088,16.1,0.551,0.005,0.464,8.4,23.6,15.9,5.4,1.4,5.3,15.4,18.1,,1.7,2.3,4,0.093,,-1.6,1.1,-0.5,0.8
16,Kent Benson,C,31,DET,72,1344,13.8,0.519,0.005,0.2,9.1,20.9,14.8,7.4,2,2.1,11.4,14.8,,1.4,1.9,3.2,0.116,,-1,1.1,0.2,0.7
17,Larry Bird*,SF,29,BOS,82,3113,25.6,0.58,0.121,0.306,7.2,20.4,14.2,26.3,2.5,0.9,12.7,27.6,,9.6,6.2,15.8,0.244,,6.6,2.1,8.7,8.4
18,Otis Birdsong,SG,30,NJN,77,2395,13.4,0.529,0.021,0.199,4.1,5.4,4.7,16.3,1.6,0.4,13.5,22.1,,1.4,1.8,3.2,0.064,,-0.4,-0.7,-1.1,0.6
19,Uwe Blab,C,23,DAL,48,409,7.6,0.502,0,0.713,6.9,17.4,12.2,5.1,0.3,1.6,18.5,15.1,,-0.1,0.2,0.1,0.01,,-4.1,-0.9,-4.9,-0.3
20,Rolando Blackman,SG,26,DAL,82,2787,19,0.576,0.022,0.366,3.5,7.9,5.7,14.4,1.3,0.5,11,25.2,,6.2,0.8,7,0.121,,2.2,-1.6,0.6,1.8
21,Manute Bol,C,23,WSB,80,2090,11.2,0.472,0.004,0.309,6.4,18.3,12.4,1.4,0.6,10.6,17.1,7.6,,-0.4,4.2,3.9,0.089,,-3.8,4.7,0.9,1.5
22,Sam Bowie,C,24,POR,38,1132,15.2,0.539,0,0.467,9.3,23.5,16.4,11.5,0.9,4.8,17.5,17.6,,0.9,1.5,2.4,0.1,,-0.5,1.6,1.2,0.9
23,Dudley Bradley,SG,28,WSB,70,842,10.2,0.417,0.325,0.268,3.1,9.1,6.1,17,4.9,0.2,15.8,13.8,,-0.5,1.5,1,0.057,,-4.6,4.1,-0.4,0.3
24,Mike Bratz,PG,30,SAC,33,269,6.9,0.449,0.2,0.257,0.8,8.8,4.8,18.2,2.3,0,17.9,14.3,,-0.1,0.2,0.1,0.016,,-5.2,0.9,-4.3,-0.2
25,Randy Breuer,C,25,MIL,82,1792,14.1,0.521,0.002,0.347,10,18.4,14.3,8.4,1.3,3.8,15.7,17.5,,1.2,3.3,4.5,0.12,,-0.8,1.3,0.6,1.2
26,Ron Brewer,SG,30,TOT,44,570,8.8,0.438,0.076,0.17,2.7,7.5,5.1,9.6,1.4,0.6,8.7,18.9,,-0.2,0.3,0.1,0.008,,-3.2,-1.1,-4.2,-0.3
26,Ron Brewer,SG,30,CHI,4,18,-2,0.371,0,0.111,0,0,0,0,0,0,17.5,25.9,,-0.1,0,-0.1,-0.229,,-9.3,-7.5,-16.8,-0.1
26,Ron Brewer,SG,30,CLE,40,552,9.1,0.441,0.079,0.172,2.8,7.8,5.3,9.9,1.5,0.6,8.3,18.7,,-0.2,0.3,0.2,0.016,,-3,-0.8,-3.8,-0.3
27,Frank Brickowski,C,26,SEA,40,311,7.1,0.558,0,0.466,5.9,14.8,10.3,9.1,1.7,1.4,24.8,12.5,,0,0.4,0.4,0.058,,-5.8,1.9,-4,-0.2
28,Junior Bridgeman,SF,32,LAC,58,1161,12,0.507,0.04,0.264,2.7,9.1,5.9,13.6,1.2,0.4,11.9,19.7,,0.7,0.1,0.8,0.033,,-1.3,-1.7,-3,-0.3
29,Mike Brittain,C,22,SAS,32,219,4.4,0.526,0,0.442,5.4,19.8,12.8,2.8,0.6,3.1,28,13.1,,-0.3,0.2,0,-0.01,,-7.5,-0.1,-7.6,-0.3
30,Tony Brown,SG,25,CHI,10,132,11.5,0.482,0.049,0.317,4.1,9.8,6.9,14.4,1.8,0.4,7.9,15.6,,0.1,0,0.2,0.067,,-1.9,-0.5,-2.4,0
31,Wallace Bryant,C,26,TOT,17,218,5.9,0.364,0,0.396,8.6,18,13.4,8.3,1.1,1.2,13.8,12.2,,-0.2,0.1,0,-0.004,,-5.3,-0.4,-5.7,-0.2
31,Wallace Bryant,C,26,DAL,9,154,5.3,0.402,0,0.367,6.6,16.8,11.8,8.5,0.9,0.7,16.7,11.1,,-0.1,0.1,0,0,,-5.4,-0.1,-5.4,-0.1
31,Wallace Bryant,C,26,LAC,8,64,7.2,0.302,0,0.444,13.7,21,17.3,7.9,1.5,2.5,8.5,14.7,,-0.1,0.1,0,-0.015,,-5,-1.3,-6.2,-0.1
32,Quinn Buckner,PG,31,IND,32,419,9.9,0.505,0.01,0.26,2.3,10.8,6.6,27.2,4.5,0.4,32.2,16.7,,-0.6,0.7,0.2,0.02,,-5,3.4,-1.6,0
33,Michael Cage,PF,24,LAC,78,1566,12.3,0.518,0.007,0.408,11.7,17.8,14.7,7.1,1.9,1.2,17.4,15.6,,0.7,1,1.7,0.052,,-1.6,-0.8,-2.4,-0.2
34,Tony Campbell,SF,23,DET,82,1292,12.6,0.506,0.015,0.12,6.7,12.9,9.7,4.8,2.2,0.3,11.8,22,,0.1,1.3,1.4,0.053,,-2.1,-0.5,-2.7,-0.2
35,Rick Carlisle,SG,26,BOS,77,760,7.9,0.5,0.053,0.122,3.4,7.5,5.6,16.8,1.2,0.3,20.1,13.5,,0,0.9,0.9,0.056,,-3.2,0.2,-3,-0.2
36,Antoine Carr,PF,24,ATL,17,258,14.4,0.553,0,0.29,6.9,15.3,11.1,8,1.3,3.4,11.8,18.8,,0.3,0.4,0.7,0.127,,-1.6,1.7,0.2,0.1
37,Kenny Carr,PF,30,POR,55,1557,13.3,0.546,0.009,0.466,10.6,25.2,17.9,5.9,1.1,1.1,15.9,17,,1.3,1.7,3.1,0.095,,-1.2,-1.1,-2.3,-0.1
38,Joe Barry Carroll,C,27,GSW,79,2801,17.2,0.516,0.001,0.357,7.2,19.2,13,9.1,1.7,2.8,14.5,26.6,,1.1,2.4,3.4,0.059,,-0.3,-0.4,-0.7,0.9
39,Butch Carter,SG,27,TOT,9,67,-1.3,0.369,0.042,0.292,3.2,3.4,3.4,8,0.7,0,20.5,20.8,,-0.2,0,-0.2,-0.125,,-9.7,-3.5,-13.2,-0.2
39,Butch Carter,SG,27,NYK,5,31,-5.4,0.296,0.125,0.125,7,3.8,5.5,12.8,1.6,0,41.6,19.5,,-0.2,0,-0.2,-0.252,,-11.3,-3.2,-14.5,-0.1
39,Butch Carter,SG,27,PHI,4,36,2.2,0.402,0,0.375,0,3.1,1.6,3.8,0,0,5.1,22,,0,0,0,-0.016,,-8.3,-3.7,-12,-0.1
40,Bill Cartwright,C,28,NYK,2,36,8.9,0.526,0,1.429,6,26.4,15.7,18.9,1.4,1.7,34.5,20.2,,-0.1,0.1,0,-0.016,,-5.4,2.2,-3.1,0
41,Terry Catledge,PF,22,PHI,64,1092,12.6,0.502,0.009,0.323,11,16.9,13.9,2.8,1.4,0.4,12.3,20.7,,0.6,1.1,1.7,0.074,,-2.2,-1.7,-3.9,-0.5
42,Bobby Cattage,PF,27,NJN,29,185,9.8,0.449,0.06,0.53,9,11.6,10.3,2.9,1.5,0,11.3,24.9,,-0.1,0.2,0.1,0.025,,-3.7,-2.8,-6.5,-0.2
43,Tom Chambers,PF,26,SEA,66,2019,17.1,0.551,0.052,0.446,7.2,18.3,12.6,10.5,1.3,1.1,14.9,27,,2.4,2.5,4.8,0.115,,0.4,-0.5,-0.1,1
44,Lorenzo Charles,SF,22,ATL,36,273,11.5,0.587,0,0.409,5.3,10.5,7.9,4.2,0.4,1.3,14.8,18.2,,0.3,0.2,0.5,0.086,,-1,-0.6,-1.6,0
45,Maurice Cheeks*,PG,29,PHI,82,3270,17.9,0.597,0.019,0.367,1.9,6.1,4,32.3,3,0.5,18.3,16,,7.2,3.4,10.6,0.155,,2.6,1,3.6,4.6
46,Fred Cofield,PG,24,NYK,45,469,7.9,0.428,0.082,0.109,1.4,10.1,5.5,26.6,2.1,0.4,20.3,21.6,,-0.9,0.6,-0.4,-0.039,,-4.8,0.3,-4.5,-0.3
47,Steve Colter,PG,23,POR,81,1868,12.7,0.528,0.139,0.275,2.5,8.3,5.4,18,2.8,0.3,14.7,16.6,,1.6,1.7,3.3,0.085,,-0.8,0.8,0,0.9
48,Lester Conner,PG,26,GSW,36,413,12.8,0.451,0.051,0.397,6.3,10.1,8.1,13,2.7,0.1,8.6,16.6,,0.3,0.2,0.5,0.061,,-1.4,-0.1,-1.5,0
49,Darwin Cook,PG,27,NJN,79,1965,13.1,0.465,0.085,0.177,2.9,7.2,5,26.1,3.7,0.7,16.3,16.4,,0.5,2.6,3,0.074,,-0.9,2,1.1,1.6
50,Jeff Cook,PF,29,TOT,36,373,9.3,0.486,0.014,0.575,10.4,15.7,13.1,6.8,1.6,1.7,13.3,11.4,,0.2,0.4,0.6,0.08,,-2.6,0.9,-1.7,0
50,Jeff Cook,PF,29,SAS,34,356,9.4,0.482,0.015,0.612,10.2,15.6,13,7.1,1.7,1.7,11.5,10.9,,0.3,0.4,0.7,0.088,,-2.4,1.2,-1.2,0.1
50,Jeff Cook,PF,29,UTA,2,17,6.8,0.543,0,0.167,13,18.9,16,0,0,0,31.8,22.4,,0,0,0,-0.075,,-7.1,-3.6,-10.7,0
51,David Cooke,PF,22,SAC,6,38,6.7,0.292,0,0.909,15,14.8,14.9,3.1,5,0,11.5,18.5,,-0.1,0.1,0,-0.043,,-4.1,0.4,-3.8,0
52,Michael Cooper,SG,29,LAL,82,2269,13.5,0.557,0.269,0.281,2.3,9.6,6.1,24.3,1.8,1,18.2,14.8,,3.4,2.4,5.8,0.123,,0.7,1.1,1.8,2.2
53,Wayne Cooper,C,29,DEN,78,2112,16.3,0.509,0.008,0.242,9,21.8,15.1,5.2,0.9,5.9,10.5,20.4,,1.6,3.5,5.1,0.116,,-1.5,1,-0.5,0.8
54,Tyrone Corbin,SF,23,SAS,16,174,9.7,0.456,0.016,0.219,7.4,8.9,8.2,8.4,2.9,0.6,14.6,19,,-0.1,0.2,0.1,0.017,,-3.5,-0.3,-3.9,-0.1
55,Dave Corzine,C,29,CHI,67,1709,14.6,0.539,0.023,0.329,8.4,20.7,14.3,12.1,0.8,1.8,14.9,16.6,,2,0.9,2.9,0.08,,1.2,-0.6,0.6,1.1
56,Ron Crevier,C,27,TOT,3,4,-31.7,0,0,0.667,25.9,0,13.3,0,0,0,0,38,,-0.1,0,-0.1,-0.795,,-28.1,-14.1,-42.2,0
56,Ron Crevier,C,27,GSW,1,1,-31.1,0,0,0,0,0,0,0,0,0,0,39.3,,0,0,0,-0.865,,-18.9,-11.7,-30.6,0
56,Ron Crevier,C,27,DET,2,3,-31.9,0,0,1,34.6,0,17.7,0,0,0,0,37.6,,0,0,0,-0.771,,-31.1,-14.9,-46,0
57,Jeff Cross,PF,24,LAC,21,128,1.5,0.371,0,1.042,7.7,18.4,13,1,0.7,1.3,14.6,12.8,,-0.2,0.1,-0.1,-0.038,,-9.4,-2,-11.4,-0.3
58,Pat Cummings,C,29,NYK,31,1007,14,0.519,0.005,0.341,9.9,22.2,15.7,7.5,1.3,0.7,15.6,23.1,,0,1.5,1.5,0.07,,-1.4,-0.2,-1.6,0.1
59,Terry Cummings,PF,24,MIL,82,2669,18.2,0.503,0.001,0.281,9.4,19.5,14.5,11.1,2.1,1.1,10.6,27.2,,2.5,4.9,7.4,0.133,,0.9,0,0.9,2
60,Earl Cureton,PF,28,DET,80,2017,11.7,0.523,0.004,0.374,10.2,16.5,13.3,8.4,1.3,1.6,18.6,15.7,,0.5,2.1,2.6,0.061,,-1.7,0.1,-1.6,0.2
61,Quintin Dailey,SG,25,CHI,35,723,18.1,0.511,0.017,0.421,3,7.8,5.3,15.6,1.5,0.4,10.7,35.1,,0.9,0.1,1,0.066,,0.6,-2.8,-2.2,0
62,Adrian Dantley*,SF,30,UTA,76,2744,24.6,0.629,0.008,0.548,7.2,8.5,7.8,16.7,1.1,0.1,11.4,30,,10.4,2.3,12.8,0.223,,6,-1,4.9,4.8
63,Brad Davis,PG,30,DAL,82,1971,16.9,0.634,0.177,0.454,1.5,6.6,4.1,30.3,1.4,0.4,15.4,14.7,,5.7,0.5,6.2,0.152,,2.4,-0.9,1.5,1.8
64,Charles Davis,SF,27,MIL,57,873,13.9,0.512,0.06,0.189,7.7,13.9,10.9,9.1,1.4,0.5,10.4,22.1,,0.8,1.2,2.1,0.114,,-0.9,-0.8,-1.7,0.1
65,Johnny Davis,SG,30,TOT,66,1014,13.8,0.515,0.038,0.401,0.9,5.1,3,29.1,1.7,0.2,16.2,19.5,,1,0.7,1.7,0.078,,-0.1,-0.5,-0.6,0.4
65,Johnny Davis,SG,30,CLE,39,612,13.7,0.502,0.046,0.333,1.1,5.4,3.2,24.1,1.9,0.4,12.8,20.8,,0.5,0.4,0.9,0.067,,-0.6,-0.2,-0.8,0.2
65,Johnny Davis,SG,30,ATL,27,402,13.9,0.542,0.019,0.551,0.6,4.6,2.6,36.9,1.6,0,22.2,17.4,,0.5,0.3,0.8,0.095,,0.7,-1,-0.3,0.2
66,Walter Davis,SG,31,PHO,70,2239,18.1,0.536,0.059,0.237,2.9,7.4,5.2,26.5,2,0.1,13.4,29.2,,2.5,1.7,4.2,0.091,,1.7,-1.3,0.4,1.4
67,Darryl Dawkins,C,29,NJN,51,1207,19.5,0.68,0.002,0.673,7.9,15.5,11.6,9.7,0.6,2.8,17.8,23,,3.1,1.3,4.4,0.175,,1.2,0.9,2.1,1.2
68,Darren Daye,SF,25,WSB,64,1075,16.4,0.552,0.008,0.594,7.2,11.2,9.2,15.6,2.1,0.6,16.3,23.4,,1,1.3,2.4,0.105,,0.4,0.2,0.5,0.7
69,James Donaldson,C,28,TOT,83,2682,13,0.627,0,0.553,7.1,25.3,16.3,4.4,0.5,2.8,17.7,10.5,,3.4,2.4,5.7,0.103,,-0.2,0.2,0.1,1.4
69,James Donaldson,C,28,LAC,14,441,12.7,0.623,0,0.833,6.9,26.2,16.4,3.6,0.5,3.5,24.9,13.9,,0.2,0.4,0.6,0.064,,-1.7,0.6,-1.1,0.1
69,James Donaldson,C,28,DAL,69,2241,13,0.628,0,0.491,7.2,25.1,16.3,4.6,0.5,2.6,15.7,9.9,,3.2,2,5.2,0.11,,0.1,0.2,0.3,1.3
70,Larry Drew,PG,27,SAC,75,1971,13.7,0.525,0.04,0.207,1.4,5.7,3.6,24.4,1.6,0.1,13.6,20.1,,1.9,0.9,2.8,0.068,,-0.3,-1,-1.3,0.3
71,Clyde Drexler*,SG,23,POR,75,2576,19.8,0.53,0.053,0.334,7.5,11,9.3,33.3,3.5,1,17.7,24.4,,3.5,3.1,6.7,0.124,,3.1,1.2,4.3,4.1
72,Joe Dumars*,SG,22,DET,82,1957,12.9,0.548,0.027,0.399,3.2,3.3,3.2,24.8,1.6,0.3,18.4,17.2,,2.2,1,3.2,0.079,,-0.3,-0.8,-1.1,0.4
73,T.R. Dunn,SG,30,DEN,82,2401,9.4,0.493,0.003,0.232,5.9,10.7,8.2,8.2,2.9,0.4,10.9,7.5,,1.8,3.1,4.9,0.098,,-1.9,2.2,0.3,1.4
74,Devin Durrant,SF,25,PHO,4,51,4.9,0.373,0,0.19,4.7,13,9,13.4,2.7,0,14.9,20.9,,-0.1,0.1,-0.1,-0.065,,-5.7,-0.5,-6.1,-0.1
75,Mark Eaton,C,29,UTA,80,2551,12.2,0.499,0,0.343,7.5,21.2,14.4,5.2,0.6,8.1,18.8,13.2,,-0.9,4.8,4,0.075,,-3,3.2,0.1,1.4
76,Franklin Edwards,PG,26,LAC,73,1491,13.7,0.511,0.016,0.262,1.8,4.7,3.2,25.5,2.8,0.1,17.6,21,,0.3,0.5,0.8,0.026,,-0.9,-0.9,-1.8,0.1
77,James Edwards,C,30,PHO,52,1314,16.7,0.589,0,0.514,7.2,18.7,13.2,8.7,0.8,1.2,15.1,25.7,,1.7,1.3,3,0.11,,-0.3,-1.1,-1.3,0.2
78,Craig Ehlo,SG,24,HOU,36,199,17.5,0.506,0.107,0.345,9.1,15.9,12.5,18.9,2.6,1.1,13.4,21.9,,0.3,0.2,0.5,0.126,,1.4,0.4,1.9,0.2
79,Dale Ellis,SF,25,DAL,72,1086,13.5,0.502,0.368,0.174,8.9,8.1,8.5,4.6,1.7,0.4,7,20.4,,1.2,0.4,1.6,0.071,,1.1,-2,-0.9,0.3
80,Alex English*,SF,32,DEN,81,3024,21.7,0.562,0.003,0.314,6.3,7.7,7,17,1.1,0.5,10.4,30.5,,7.6,2.3,9.8,0.156,,4.4,-1.5,2.9,3.7
81,Julius Erving*,SF,35,PHI,74,2474,17.4,0.537,0.029,0.339,7.7,9.1,8.4,15.4,2.2,1.9,14.6,23.8,,3.3,2.6,5.9,0.114,,1.8,0.3,2.1,2.6
82,Mike Evans,PG,30,DEN,81,1389,12.4,0.495,0.246,0.208,2.2,5.6,3.8,17.7,2,0,13.7,25.1,,-0.1,1.2,1.1,0.037,,-1.6,-1.2,-2.8,-0.3
83,Patrick Ewing*,C,23,NYK,50,1771,17.4,0.526,0.006,0.376,7.6,21.9,14.4,9.6,1.5,3.6,15.3,26.5,,0,3.1,3.1,0.084,,-0.1,1.2,1.1,1.4
84,Kenny Fields,SF,23,MIL,78,1120,13.3,0.547,0.01,0.332,5.9,14.2,10.1,9.7,2.1,0.8,14.4,19.1,,1,1.8,2.8,0.12,,-1.2,1,-0.2,0.5
85,Vern Fleming,PG,23,IND,80,2870,15.3,0.558,0.007,0.41,3.9,10.7,7.3,24.5,2.2,0.1,17,17.5,,3.6,3.2,6.9,0.115,,0.3,0.9,1.1,2.3
86,Sleepy Floyd,PG,25,GSW,82,2764,20,0.587,0.118,0.438,2.9,9,5.8,36.6,2.6,0.3,19.4,21.2,,6,1.5,7.5,0.13,,3.6,-0.1,3.5,3.9
87,Rod Foster,PG,25,PHO,48,704,6.6,0.435,0.147,0.147,1.5,7.7,4.7,22.4,1.4,0.1,20.8,16.6,,-0.8,0.5,-0.3,-0.02,,-3.9,-1,-4.8,-0.5
88,World B. Free,SG,32,CLE,75,2535,19,0.533,0.118,0.339,3.1,6.4,4.7,19.9,1.7,0.4,9.5,29.3,,4.5,1.5,6.1,0.115,,3.2,-0.9,2.3,2.8
89,Bill Garnett,PF,25,IND,80,1197,10.5,0.548,0.008,0.678,9.7,15.2,12.5,10.2,1.6,1.1,22.7,13.8,,0.5,1.5,2,0.078,,-2.3,0.9,-1.4,0.2
90,George Gervin*,SG,33,CHI,82,2065,16,0.534,0.017,0.293,4.1,7.8,5.9,11.2,1.1,0.6,11.5,27.6,,2.8,0.2,3,0.069,,0.5,-2.6,-2.1,0
91,Mike Gibson,PF,25,DET,32,161,8.7,0.43,0,0.216,9.7,16.9,13.2,3.8,2.3,1.4,9.7,15,,0,0.2,0.2,0.059,,-4.3,0.3,-4,-0.1
92,Artis Gilmore*,C,36,SAS,71,2395,17.1,0.661,0.001,0.705,8.1,20.1,14.3,5.8,0.8,2.5,17.2,18.2,,4.8,2.4,7.1,0.143,,0.8,0,0.8,1.7
93,Mike Glenn,SG,30,MIL,38,573,12,0.555,0,0.258,0.8,10.2,5.5,9.1,0.7,0.3,7.8,16.1,,0.9,0.6,1.5,0.128,,-0.6,-0.4,-1.1,0.1
94,Georgi Glouchkov,PF,26,PHO,49,772,5.7,0.455,0.005,0.584,4.8,18.9,12.1,5.3,1.5,1.8,22.4,17.5,,-1.4,0.9,-0.5,-0.029,,-6.3,0,-6.3,-0.8
95,Mike Gminski,C,26,NJN,81,2525,19,0.594,0.001,0.414,9.1,20.6,14.8,7.5,1,1.6,11.1,19.9,,6.3,2.9,9.2,0.175,,2.7,-0.2,2.5,2.9
96,Lancaster Gordon,SG,23,LAC,60,704,7.8,0.422,0.081,0.162,3.7,7,5.3,12.7,2.2,0.8,14.4,24.6,,-1.3,0.2,-1.1,-0.072,,-5.4,-2,-7.4,-1
97,Stuart Gray,C,22,IND,67,423,10.5,0.551,0,0.685,11.6,18.6,15.1,4.8,0.9,1.5,18.5,16.7,,0.2,0.5,0.7,0.085,,-4,-0.1,-4.1,-0.2
98,A.C. Green,PF,22,LAL,82,1542,11.8,0.564,0.015,0.43,12.4,15.5,14,4.2,1.5,1.7,17.7,14.7,,1.4,2,3.3,0.103,,-1.6,0.1,-1.6,0.2
99,Ken Green,PF,26,NYK,7,72,19.3,0.501,0,0.333,18,24.7,21.2,4.4,2.7,0,3.1,18.6,,0.1,0.1,0.3,0.184,,1.5,-1.5,0,0
100,Kenny Green,SF,21,TOT,41,453,8.7,0.471,0.005,0.255,6.5,11.2,8.9,2.9,0.5,1.1,14.1,22.5,,-0.4,0.4,0,-0.003,,-4.6,-2.4,-7,-0.6
100,Kenny Green,SF,21,WSB,20,221,11.4,0.485,0.01,0.257,8.4,10.3,9.3,2.1,0.9,1.8,13.1,24.5,,-0.1,0.2,0.1,0.02,,-3.5,-1.5,-5,-0.2
100,Kenny Green,SF,21,PHI,21,232,6,0.455,0,0.253,4.8,12,8.4,3.7,0.2,0.5,15.1,20.7,,-0.3,0.1,-0.1,-0.026,,-5.6,-3.3,-8.9,-0.4
101,Rickey Green,PG,31,UTA,80,2012,16.4,0.537,0.038,0.33,1.8,5.5,3.7,29.4,2.4,0.2,13.2,20.1,,3,2.2,5.2,0.124,,0.8,0.2,1,1.5
102,Sidney Green,PF,25,CHI,80,2307,14.2,0.526,0.009,0.383,9.8,22.9,16.1,8.6,1.5,0.9,17.7,21.9,,0.9,1.6,2.5,0.052,,-1.3,-1.4,-2.7,-0.4
103,Dave Greenwood,PF,28,SAS,68,1910,11.1,0.574,0.003,0.474,9.3,22.1,15.9,5.9,0.9,1.5,19.4,12.3,,1.5,1.9,3.4,0.085,,-1.4,-0.1,-1.6,0.2
104,Claude Gregory,PF,27,WSB,2,2,23,0.5,0,0,100,0,54.1,0,24.2,0,50,83.6,,0,0,0,-0.64,,-15.4,1.3,-14.2,0
105,Ernie Grunfeld,SF,30,NYK,76,1402,9.8,0.512,0.172,0.304,3.2,13.9,8.3,11.9,1.4,0.6,11,13.5,,1,1.6,2.7,0.091,,-2.2,1,-1.2,0.3
106,Pétur Guðmundsson,C,27,LAL,8,128,13.9,0.593,0,0.73,15.8,17.8,16.9,2.9,1.1,1.7,18.4,18.9,,0.2,0.2,0.3,0.13,,-2.5,-0.8,-3.4,0
107,Bob Hansen,SG,25,UTA,82,2032,10.1,0.517,0.08,0.21,4.5,8.6,6.5,13.1,1.7,0.2,15.5,16.2,,0.4,2.1,2.5,0.058,,-2.6,0.1,-2.5,-0.3
108,Bill Hanzlik,SF,28,DEN,79,1982,15.3,0.537,0.055,0.547,4.4,9.7,7,20.7,2.4,0.4,15.2,21.1,,2.4,2.3,4.7,0.115,,-0.3,0.7,0.4,1.2
109,Derek Harper,PG,24,DAL,79,2150,18.8,0.58,0.07,0.314,3.9,7.6,5.8,26.3,3.3,0.6,14.8,18.5,,4.5,1.7,6.2,0.138,,2.1,1.2,3.4,2.9
110,Steve Harris,SG,22,HOU,57,482,14,0.5,0.021,0.232,5.5,7.2,6.4,14.1,2,0.5,11.7,23.6,,0.4,0.4,0.8,0.078,,-1.5,-0.9,-2.4,-0.1
111,Scott Hastings,PF,25,ATL,62,650,7.5,0.508,0.025,0.44,7.5,13.5,10.5,5.2,1,0.7,17.4,14.4,,0.2,0.7,0.8,0.063,,-3.6,0.1,-3.5,-0.2
112,Steve Hayes,C,30,UTA,58,397,5.1,0.433,0,0.414,8.9,12.2,10.6,2.3,0.6,2.7,13.5,12.1,,-0.3,0.4,0.2,0.023,,-5.9,-0.3,-6.2,-0.4
113,Gerald Henderson,PG,30,SEA,82,2568,15.7,0.537,0.058,0.248,4,4.6,4.3,28.4,2.6,0.3,15.6,19.3,,3.6,2.6,6.2,0.115,,1,0.3,1.3,2.1
114,Jerome Henderson,C,26,LAL,1,3,37.7,0.667,0,0,0,36.1,18.9,0,0,0,0,40.3,,0,0,0,0.349,,3.4,0.2,3.6,0
115,Carl Henry,SG,25,SAC,28,149,12.5,0.524,0.149,0.254,6.1,8.3,7.2,3.9,1.6,0,10.8,22.7,,0.1,0.1,0.2,0.049,,-0.4,-2.1,-2.5,0
116,Rod Higgins,SF,26,TOT,30,332,7.7,0.416,0.085,0.255,4.8,12.8,8.8,9.5,1.3,1.9,9.9,16,,-0.1,0.3,0.1,0.019,,-3.7,0.2,-3.5,-0.1
116,Rod Higgins,SF,26,SEA,12,94,4.5,0.377,0.148,0.185,3.7,11.6,7.6,8.6,1,0.6,12,14.8,,-0.1,0.1,0,-0.016,,-4.6,-0.3,-4.9,-0.1
116,Rod Higgins,SF,26,SAS,11,128,10.8,0.5,0.05,0.4,4.6,16.5,10.7,12.2,0.7,1.3,9.6,16.4,,0.1,0.1,0.2,0.079,,-2.5,0.3,-2.2,0
116,Rod Higgins,SF,26,NJN,2,29,-0.2,0.188,0.125,0,11.5,19.4,15.5,4.4,1.6,8,11.1,24.8,,-0.2,0.1,-0.1,-0.21,,-10.6,0.3,-10.2,-0.1
116,Rod Higgins,SF,26,CHI,5,81,9.3,0.449,0.043,0.261,4,5.8,4.9,8.1,2.4,2.1,7.2,13.9,,0,0,0.1,0.045,,-2.2,0.7,-1.5,0
117,Roy Hinson,SF,24,CLE,82,2834,17.4,0.578,0.003,0.434,6.5,18.4,12.4,5.5,1,2.3,11.9,22.8,,4.5,2.9,7.4,0.125,,0.8,-0.1,0.7,1.9
118,Craig Hodges,SG,25,MIL,66,1739,13.9,0.591,0.285,0.151,2.5,5,3.8,17.7,2,0.1,12.8,16,,3.3,2,5.3,0.147,,1.4,0.5,1.9,1.7
119,Michael Holton,PG-SG,24,TOT,28,512,10.1,0.471,0.069,0.251,2.4,5,3.6,14.8,2.3,0,12.2,17.5,,0,0.2,0.2,0.019,,-2.7,-0.8,-3.4,-0.2
119,Michael Holton,SG,24,PHO,4,65,-0.3,0.265,0.1,0.3,1.8,3.4,2.7,13,1.4,0,15,16.3,,-0.2,0,-0.2,-0.126,,-6.4,-2.1,-8.4,-0.1
119,Michael Holton,PG,24,CHI,24,447,11.6,0.498,0.065,0.245,2.4,5.3,3.8,15.1,2.5,0,11.8,17.7,,0.3,0.1,0.4,0.04,,-2.1,-0.6,-2.7,-0.1
120,Phil Hubbard,SF,29,CLE,23,640,9.7,0.53,0.005,0.566,8.3,12.4,10.4,6.2,1.5,0.3,21.1,20,,-0.3,0.5,0.2,0.015,,-2.8,-0.8,-3.5,-0.2
121,Alfredrick Hughes,SG,23,SAS,68,866,8.2,0.435,0.046,0.226,6.6,8.2,7.4,9.6,1.4,0.3,13.3,21.9,,-1,0.5,-0.5,-0.029,,-3.6,-2.1,-5.7,-0.8
122,Jay Humphries,PG,23,PHO,82,2733,12.6,0.534,0.039,0.35,2.5,8.2,5.5,25.3,2.2,0.2,18.3,15.1,,2.4,2.4,4.8,0.084,,-0.9,0.3,-0.6,0.9
123,Geoff Huston,PG,28,GSW,82,1208,13.7,0.55,0.022,0.337,0.9,5.1,2.9,35.1,1.4,0.2,20.9,12.9,,1.7,0.1,1.8,0.072,,0.9,-1.9,-1,0.3
124,Marc Iavaroni,PF,29,TOT,68,1014,8.7,0.502,0.008,0.471,7.2,15.8,11.6,10.3,1.5,0.9,19.6,14.6,,-0.1,1.1,1,0.046,,-3.6,0.4,-3.2,-0.3
124,Marc Iavaroni,PF,29,SAS,42,669,8.2,0.496,0.012,0.411,7.4,14.9,11.3,9.9,1.5,1.2,20.9,14.7,,-0.2,0.6,0.4,0.028,,-3.3,0.5,-2.8,-0.2
124,Marc Iavaroni,PF,29,UTA,26,345,9.7,0.514,0,0.593,6.7,17.4,12.2,10.9,1.3,0.5,17.1,14.4,,0.1,0.5,0.6,0.08,,-4,0.2,-3.8,-0.2
125,Clemon Johnson,C,29,PHI,75,1069,10.4,0.505,0,0.363,11.1,15.6,13.3,1.8,1,3.3,12.8,11.2,,0.7,1.2,2,0.088,,-1.8,0.3,-1.6,0.1
126,Dennis Johnson*,PG,31,BOS,78,2732,14.7,0.509,0.04,0.28,3,7.5,5.4,22,1.9,0.7,12.7,20.5,,3,3.7,6.7,0.118,,0,0.5,0.5,1.8
127,Eddie Johnson,SF,26,SAC,82,2514,15.8,0.523,0.015,0.262,7.8,11,9.4,13.2,1,0.4,11.6,26.6,,2.7,1.4,4,0.077,,0.8,-1.9,-1.1,0.6
128,Eddie Johnson,SG,30,TOT,71,1477,13.5,0.514,0.137,0.25,2.2,6.8,4.5,33,0.6,0.1,17.9,23.2,,0.8,0.7,1.5,0.049,,1,-2.6,-1.6,0.1
128,Eddie Johnson,SG,30,ATL,39,862,14.3,0.523,0.061,0.335,2.2,7.4,4.8,36.8,0.6,0.1,19.3,22.1,,0.8,0.5,1.3,0.071,,1.5,-2.3,-0.8,0.3
128,Eddie Johnson,SG,30,CLE,32,615,12.4,0.504,0.222,0.154,2.3,5.9,4.1,27.7,0.6,0.1,16.1,24.8,,0.1,0.2,0.2,0.018,,0.4,-3.2,-2.8,-0.1
129,Frank Johnson,PG,27,WSB,14,402,13.7,0.495,0.019,0.351,1.9,5.6,3.8,28.6,1.3,0.1,14,21.5,,0.2,0.3,0.5,0.064,,-0.7,-1.3,-2,0
130,George Johnson,C,37,SEA,41,264,10.7,0.583,0,0.696,11.4,15.6,13.4,6.2,1.1,8.5,31.8,7,,0.1,0.5,0.6,0.103,,-3.2,4.1,0.9,0.2
131,George Johnson,PF,29,WSB,2,7,11.5,0.515,0,0.667,15.5,15.4,15.5,0,0,0,20.5,29.1,,0,0,0,0.025,,-2.1,-3,-5.1,0
132,Ken Johnson,PF,23,POR,64,815,9.3,0.523,0,0.397,12.5,21.3,16.9,3,0.7,1.5,19,15.1,,0,0.8,0.8,0.044,,-3.6,-1.4,-4.9,-0.6
133,Magic Johnson*,PG,26,LAL,72,2578,24,0.61,0.047,0.473,3.9,14.3,9.4,45.1,2,0.3,19.8,21.6,,9,3.1,12.1,0.226,,6,0.7,6.7,5.7
134,Marques Johnson,SG,29,LAC,75,2605,18.9,0.555,0.012,0.326,6.5,11.2,8.8,17.5,1.9,1,11.8,24,,4.8,1.1,5.9,0.108,,2.4,-0.7,1.7,2.5
135,Mickey Johnson,PF,33,NJN,79,1574,11.8,0.505,0.047,0.46,6.9,16.7,11.8,18.1,2,0.9,21.3,19.6,,-0.1,1.9,1.8,0.055,,-2,0.7,-1.4,0.3
136,Steve Johnson,C,28,SAS,71,1828,16.8,0.667,0,0.651,9.2,19.4,14.4,7.3,1.1,2,20.6,20.4,,3,1.9,4.9,0.128,,-0.5,0.1,-0.4,0.7
137,Vinnie Johnson,SG,29,DET,79,1978,17,0.503,0.013,0.215,6.2,5.9,6.1,19.1,1.9,0.6,7.5,23.3,,3.4,1.4,4.7,0.115,,1.7,-0.2,1.4,1.7
138,Bobby Jones*,PF,34,PHI,70,1519,11.8,0.612,0.003,0.429,3.6,8.8,6.2,11.2,1.5,1.9,18.3,13,,1.9,1.4,3.2,0.102,,-0.5,0.9,0.4,0.9
139,Caldwell Jones,C,35,POR,80,1437,9.7,0.588,0.028,0.591,8.3,19.8,14,6.3,1.2,2.4,24.2,11.6,,0.8,1.6,2.3,0.078,,-2.8,0.6,-2.2,-0.1
140,Charles Jones,C,28,WSB,81,1609,10.5,0.535,0.004,0.339,8.2,13.3,10.8,6.3,1.7,4.6,19.6,9.4,,0.6,2.6,3.2,0.096,,-2.6,3,0.4,1
141,Charles Jones,PF,24,PHO,43,742,10,0.483,0.006,0.598,10.5,19.1,15,8.9,2,1.9,21.6,14.2,,-0.3,1,0.6,0.042,,-2.2,1,-1.2,0.2
142,Earl Jones,C,25,MIL,12,43,2,0.472,0,0.333,10.5,15.4,13,11.7,0,1.4,33.7,19.4,,-0.1,0.1,0,-0.055,,-10.7,-0.7,-11.5,-0.1
143,Edgar Jones,PF,29,CLE,53,1011,15.8,0.572,0.062,0.481,7.8,14.8,11.3,6.4,1.4,2.1,12.5,20.7,,1.6,1,2.6,0.122,,0,0.5,0.5,0.6
144,Ozell Jones,C,25,LAC,3,18,-7.1,0,0,0,0,12.5,6.1,0,5.2,3,60,11.1,,-0.1,0,-0.1,-0.249,,-16,2.6,-13.4,-0.1
145,Michael Jordan*,SG,22,CHI,18,451,27.5,0.533,0.055,0.381,5.6,10.7,8,21.7,3.9,2.7,10.5,38.6,,1,0.5,1.5,0.16,,7.5,2.2,9.7,1.3
146,Yvon Joseph,C,28,NJN,1,5,12.8,1.136,,,0,0,0,0,0,0,0,7,,0,0,0,0.309,,0.4,0.4,0.7,0
147,Harold Keeling,SG,22,DAL,20,75,16.1,0.487,0,0.359,4.5,4.3,4.4,19.3,4.4,0,13.4,28.4,,0,0.1,0.1,0.041,,-2.6,-0.1,-2.8,0
148,Rich Kelley,C,32,SAC,37,324,11,0.631,0.041,0.449,10.2,18,14.1,16.4,1.5,0.5,27.3,10.1,,0.4,0.3,0.7,0.104,,-1.6,1.2,-0.3,0.1
149,Clark Kellogg,PF,24,IND,19,568,18.2,0.516,0.044,0.235,9.8,22.2,16.1,16,2.3,0.8,15.8,27.8,,0,0.9,0.9,0.08,,0.7,0.5,1.1,0.5
150,Jerome Kersey,SF,23,POR,79,1217,18.5,0.589,0.013,0.487,12.7,14.6,13.6,9.8,3.2,1.5,16.5,22.2,,2,1.6,3.6,0.143,,0.6,0.5,1.1,0.9
151,Albert King,SF,26,NJN,73,1998,13.3,0.498,0.024,0.211,6.5,14.1,10.3,13.4,1.3,0.7,14.7,24.6,,0,1.9,1.9,0.045,,-1.1,-1.1,-2.2,-0.1
152,Greg Kite,C,24,BOS,64,464,4.6,0.384,0.011,0.429,8.9,20.7,15.2,4.2,0.3,3.3,22.8,12.4,,-0.7,0.8,0.1,0.007,,-6.3,0.3,-6,-0.5
153,Joe Kleine,C,24,SAC,80,1180,9.7,0.516,0,0.378,10.9,24.8,17.9,5.1,1,1.6,21.1,17.4,,-0.4,1.3,0.9,0.037,,-4.4,-0.5,-5,-0.9
154,Jon Koncak,C,22,ATL,82,1695,13,0.539,0.002,0.495,11.2,19.2,15.2,4.5,1,2.4,14.9,17.9,,1.4,2.4,3.7,0.106,,-2.1,0.2,-1.9,0
155,Mitch Kupchak,PF,31,LAL,55,783,10.7,0.542,0.004,0.436,10.5,16.9,13.8,2.7,0.7,0.5,17.3,19.1,,0.3,0.8,1.1,0.069,,-3,-1.8,-4.7,-0.5
156,Bill Laimbeer,C,28,DET,82,2891,17.6,0.545,0.013,0.288,10.9,28.9,19.7,6.6,0.9,1.3,9.6,18.7,,5.4,3.8,9.2,0.153,,1.3,-0.7,0.6,1.9
157,Jeff Lamp,SF,26,TOT,74,1321,13.2,0.531,0.058,0.259,4.6,12.3,8.5,12.3,1.4,0.2,10.6,19.5,,1.6,1.3,3,0.108,,-0.7,-0.5,-1.1,0.3
157,Jeff Lamp,SF,26,MIL,44,701,12.2,0.509,0.053,0.263,5.5,13.7,9.6,12.1,1.3,0.3,10,17.2,,0.8,1,1.8,0.124,,-0.7,0.3,-0.4,0.3
157,Jeff Lamp,SF,26,SAS,30,620,14.4,0.551,0.063,0.255,3.6,10.7,7.3,12.4,1.4,0.1,11.2,22,,0.8,0.4,1.2,0.09,,-0.6,-1.3,-1.9,0
158,Allen Leavell,PG,28,HOU,74,1190,15.6,0.553,0.146,0.345,0.5,5.6,3,25.4,2.3,0.4,14.3,20.2,,2.1,0.9,3,0.122,,0.5,-0.3,0.2,0.7
159,Keith Lee,PF,23,CLE,58,1197,12,0.51,0.024,0.253,10.7,21.7,16.2,7.7,1.1,1.8,15.6,17.1,,0.5,1.4,1.9,0.075,,-2.5,-0.1,-2.6,-0.2
160,Ronnie Lester,PG,27,LAL,27,222,6.7,0.555,0.058,0.365,0,4.9,2.6,28.6,1.9,0.7,41,18.6,,-0.4,0.2,-0.2,-0.05,,-4.2,-2.1,-6.2,-0.2
161,Fat Lever,PG,25,DEN,78,2616,15.7,0.473,0.036,0.172,5.2,11.9,8.4,29.4,3.1,0.3,15.5,19.9,,0.9,3.6,4.5,0.082,,0.5,1.1,1.6,2.4
162,Cliff Levingston,PF,25,ATL,81,1945,14.7,0.572,0.002,0.439,11,19.3,15.1,5.1,1.9,1.2,14.7,16.2,,2.6,2.9,5.5,0.136,,-0.3,0.7,0.4,1.2
163,Alton Lister,C,27,MIL,81,1812,16.4,0.573,0.003,0.461,12.4,23.9,18.2,7.6,1.3,4.6,18.8,18.9,,1.6,3.8,5.5,0.144,,-0.7,1.7,1.1,1.4
164,Lewis Lloyd,SG,26,HOU,82,2444,17.7,0.567,0.013,0.211,6.8,7.5,7.1,17.3,1.9,0.5,13.7,22.6,,4.5,1.8,6.3,0.124,,1.8,-0.4,1.4,2.1
165,John Long,SG,29,DET,62,1176,13.9,0.522,0.029,0.19,4.1,4.7,4.4,9.6,1.6,0.6,9,21.7,,1.3,0.7,2,0.08,,-0.3,-1,-1.3,0.2
166,John Lucas,PG,32,HOU,65,2120,17.4,0.53,0.178,0.364,1.7,5.7,3.6,34.6,1.7,0.1,13.6,20.2,,4.5,1.2,5.7,0.13,,3,-1.2,1.8,2
167,Maurice Lucas,PF,33,LAL,77,1750,13.8,0.52,0.003,0.352,11.2,24.9,18.4,6,1.2,0.8,13.8,20.2,,1.5,2.5,4,0.11,,-1.6,-0.7,-2.3,-0.1
168,Kyle Macy,PG,28,CHI,82,2426,12.3,0.557,0.238,0.152,1.8,6.6,4.1,24.3,1.6,0.3,15.6,12.6,,3.6,0.3,3.9,0.077,,0.5,-0.9,-0.5,0.9
169,Rick Mahorn,PF,27,DET,80,1442,8.8,0.497,0.003,0.345,8.7,21.9,15.2,5.3,1.3,2.4,21.5,13.7,,-0.6,1.9,1.3,0.043,,-4.4,0.6,-3.7,-0.6
170,Jeff Malone,SG,24,WSB,80,2992,16.3,0.533,0.011,0.244,2.4,8,5.2,10.9,1.1,0.2,9.1,25.9,,3.6,2.5,6.1,0.098,,0.1,-1.2,-1.2,0.6
171,Karl Malone*,PF,22,UTA,81,2475,13.7,0.504,0.002,0.399,7.8,23.6,15.8,14.2,2,1,18.9,24.1,,-2.4,4.3,1.9,0.036,,-2.4,0.5,-1.9,0.1
172,Moses Malone*,C,30,PHI,74,2706,20.6,0.553,0.001,0.629,14,22,18,5.1,1.2,1.5,14.1,27.6,,5.5,3.4,8.9,0.157,,1.8,-1.9,-0.1,1.3
173,Pace Mannion,SF,25,UTA,57,673,10.8,0.51,0.196,0.383,4.3,8.9,6.6,11.2,2.2,0.4,14.1,17.5,,0.1,0.8,0.9,0.064,,-2.3,0.3,-2,0
174,Bill Martin,SF,23,IND,66,691,11.5,0.516,0.027,0.181,6.6,9.4,8,11.3,1.4,0.6,15.3,22.6,,0,0.7,0.6,0.045,,-2.5,-0.9,-3.4,-0.2
175,Brian Martin,SF-PF,23,TOT,8,21,-1.6,0.381,0,0.286,5.5,17.3,11.3,0,0,2.9,20.2,19,,-0.1,0,-0.1,-0.132,,-12.1,-2.1,-14.2,-0.1
175,Brian Martin,PF,23,SEA,3,7,3.8,0.5,0,0,16.5,52,33.8,0,0,8.7,50,23.9,,0,0,0,-0.187,,-11.2,1.6,-9.6,0
175,Brian Martin,SF,23,POR,5,14,-4.3,0.34,0,0.4,0,0,0,0,0,0,0,16.6,,0,0,0,-0.105,,-12.5,-4,-16.5,-0.1
176,Wes Matthews,PG,26,SAS,75,1853,15.5,0.587,0.041,0.35,1.9,6,4,34.9,2.2,1,25,20.2,,1.6,1.3,3,0.077,,1.1,-1,0.1,1
177,Cedric Maxwell,SF,30,LAC,76,2458,15.6,0.592,0.005,0.85,10.7,17.5,14,12,1.2,0.6,18.5,18.2,,4.3,1.1,5.4,0.105,,0.6,-1.2,-0.6,0.9
178,Bob McAdoo*,C,34,PHI,29,609,12.2,0.513,0,0.323,4.6,14.3,9.5,8.5,0.8,1.7,14.6,22.2,,0.2,0.5,0.7,0.056,,-2.2,-1.3,-3.5,-0.2
179,Dwayne McClain,SF,22,IND,45,461,8.3,0.402,0.05,0.194,3.3,3.7,3.5,20.2,3.9,0.5,17,21,,-0.9,0.6,-0.3,-0.026,,-4.8,1,-3.8,-0.2
180,Tim McCormick,C,23,SEA,77,1705,13.9,0.618,0.005,0.55,9.5,18.7,14,7.1,0.5,1,16.6,16.2,,2.8,1.8,4.6,0.128,,-0.5,-0.5,-0.9,0.4
181,Rodney McCray,SF,24,HOU,82,2610,13.6,0.583,0.005,0.353,6.5,15.1,10.7,13.6,0.9,1.2,15.2,12.8,,4.2,2.1,6.3,0.115,,0.8,0.2,1,2
182,Xavier McDaniel,SF,22,SEA,82,2706,16.3,0.525,0.009,0.31,13.1,15.6,14.3,11.4,1.8,0.8,15.7,24.5,,1.8,3.3,5.1,0.091,,0.3,-0.6,-0.3,1.2
183,Ben McDonald,SF,23,CLE,21,266,6.7,0.496,0.017,0.138,6.2,9.5,7.9,4.4,1.2,0.2,14,11,,0,0.2,0.2,0.033,,-3.2,-0.8,-4,-0.1
184,Hank McDowell,PF,26,HOU,22,204,10.3,0.613,0.024,0.595,6.3,19.8,12.9,3.5,0.2,0.8,15.9,12.1,,0.2,0.2,0.4,0.094,,-2,-1.4,-3.4,-0.1
185,Mike McGee,SF,26,LAL,71,1213,12.4,0.513,0.21,0.118,5,8,6.6,9,2,0.3,10.9,21.3,,0.7,1.2,1.9,0.075,,-1.4,-0.5,-1.9,0
186,Kevin McHale*,PF,28,BOS,68,2397,21.6,0.623,0,0.429,8.4,16.4,12.7,10.8,0.6,3.1,11.4,22.5,,7.2,3.8,11,0.22,,3.7,0.8,4.4,3.9
187,Kevin McKenna,SG,27,WSB,30,430,10.9,0.485,0.452,0.181,2.3,6.8,4.5,7.7,3.3,0.3,9.1,19.2,,0.1,0.6,0.7,0.073,,-2.7,1.2,-1.5,0.1
188,Billy McKinney,PG,30,CHI,9,83,9.9,0.461,0,0.087,1.3,5.7,3.4,20.7,1.7,0,7.7,12.7,,0.1,0,0.1,0.053,,-1.4,-0.6,-2.1,0
189,Tom McMillen,C,33,WSB,56,863,10.4,0.51,0.011,0.277,5.5,8.6,7.1,5.9,0.5,0.6,9.6,17.1,,0.6,0.7,1.2,0.069,,-2.3,-1.2,-3.5,-0.3
190,Chris McNealy,PF,24,NYK,30,627,13.7,0.519,0,0.326,10.7,26.7,18.3,9.3,3,1.2,17.5,13.3,,0.3,1.3,1.6,0.122,,-1.9,2,0.1,0.3
191,Dirk Minniefield,PG,25,CLE,76,1131,14.1,0.537,0.107,0.268,4.2,8.6,6.4,32.5,2.7,0.1,21.8,17.9,,0.9,1,1.9,0.083,,-0.6,0.6,0.1,0.6
192,Mike Mitchell,SF,30,SAS,82,2970,15.9,0.514,0.007,0.231,5.3,10.3,7.9,9.9,0.9,0.5,9,27.8,,2.9,1.5,4.4,0.071,,0.3,-2.6,-2.3,-0.3
193,Paul Mokeski,C,29,MIL,45,521,7.9,0.464,0,0.245,7.8,21.8,14.9,7.2,0.5,0.7,14,13.8,,0.1,0.8,0.9,0.079,,-3.3,0.1,-3.2,-0.2
194,Sidney Moncrief*,PG,28,MIL,73,2567,20,0.604,0.107,0.603,5,9.4,7.3,19.2,1.9,0.4,12.5,21.8,,8.3,3.4,11.7,0.219,,4.2,0.7,4.9,4.5
195,Johnny Moore,PG,27,SAS,28,856,18.3,0.533,0.073,0.284,3.4,7.9,5.7,40.2,3.8,0.4,19.2,19.8,,1.2,1,2.1,0.119,,2.4,1.6,4,1.3
196,Perry Moss,PG,27,TOT,72,1012,8.5,0.459,0.11,0.305,3.7,8.9,6.3,14.4,2.6,0.8,19.3,16.4,,-0.6,1.1,0.5,0.026,,-3.7,1.1,-2.7,-0.2
196,Perry Moss,PG,27,WSB,12,160,8.2,0.461,0.132,0.283,6.1,10.8,8.5,16.9,1.8,1,23.2,20.3,,-0.2,0.2,0,-0.014,,-4.1,0.6,-3.6,-0.1
196,Perry Moss,PG,27,PHI,60,852,8.6,0.458,0.105,0.31,3.3,8.5,5.9,13.9,2.8,0.8,18.3,15.7,,-0.4,1,0.6,0.033,,-3.7,1.1,-2.5,-0.1
197,Chris Mullin*,SG,22,GSW,55,1391,16,0.539,0.044,0.34,3.2,5.9,4.5,10.5,2.3,0.9,9.5,22.2,,2.3,0.6,2.9,0.1,,0.3,-0.1,0.3,0.8
198,Jay Murphy,SF,23,LAC,14,100,8.4,0.401,0.044,0.311,7.6,9,8.3,4.3,1.9,1.6,8.9,22.5,,-0.1,0,-0.1,-0.044,,-4.3,-2,-6.3,-0.1
199,Larry Nance,PF,26,PHO,73,2484,20.5,0.616,0.008,0.444,8.2,20,14.3,14.8,1.3,2.9,14.9,22.6,,5.3,3.2,8.4,0.163,,2.8,1.1,3.9,3.7
200,Calvin Natt,PF,29,DEN,69,2007,18.6,0.562,0.006,0.373,6.2,17,11.3,11.6,1.3,0.4,10.7,23.3,,3.9,2.3,6.1,0.146,,2.1,-0.8,1.3,1.7
201,Chuck Nevitt,C,26,TOT,29,126,11.2,0.45,0,0.605,11.1,16.4,13.7,6.7,1.5,8.4,18.1,20.8,,-0.1,0.2,0.1,0.046,,-6.6,2.6,-4,-0.1
201,Chuck Nevitt,C,26,LAL,4,25,5.4,0.367,0,0.545,14.3,17.3,15.9,9.4,3.7,4.4,26.8,30.1,,-0.1,0.1,-0.1,-0.137,,-11.5,0.1,-11.4,-0.1
201,Chuck Nevitt,C,26,DET,25,101,12.7,0.478,0,0.625,10.3,16.1,13.1,6,0.9,9.4,14.6,18.5,,0,0.2,0.2,0.091,,-5.4,3.2,-2.1,0
202,Kurt Nimphius,PF,27,TOT,80,2226,12.6,0.554,0.004,0.378,7.5,15.1,11.2,3.9,0.7,2.5,12.9,16.8,,2.2,0.9,3.1,0.067,,-1.6,-1,-2.6,-0.3
202,Kurt Nimphius,PF,27,DAL,13,280,11.3,0.537,0.014,0.403,9.2,14.3,11.8,6.4,0.5,2.3,13.3,14.2,,0.3,0.1,0.4,0.07,,-1.2,-0.1,-1.2,0.1
202,Kurt Nimphius,PF,27,LAC,67,1946,12.8,0.556,0.003,0.375,7.2,15.2,11.2,3.5,0.7,2.6,12.9,17.1,,1.9,0.8,2.7,0.066,,-1.6,-1.2,-2.8,-0.4
203,Norm Nixon,PG,30,LAC,67,2138,15.7,0.493,0.131,0.176,2.3,7.1,4.7,40.3,1.8,0.1,16.1,22.2,,1.7,0.3,2,0.046,,1.6,-2.5,-0.9,0.6
204,Mike O'Koren,SF,27,NJN,67,1031,9.9,0.496,0.08,0.116,3.6,11.1,7.3,15.5,1.3,0.5,13.3,15.8,,0.4,0.9,1.2,0.057,,-1.9,0.3,-1.7,0.1
205,Charles Oakley,PF,22,CHI,77,1772,16.5,0.561,0.006,0.497,15.7,27.1,21.2,10.5,1.8,1,21,19.2,,1.7,1.6,3.3,0.09,,0.5,-0.9,-0.4,0.7
206,Hakeem Olajuwon*,C,23,HOU,68,2467,24.2,0.56,0,0.453,14.4,19.8,17.1,8,2.5,5.2,12,25.6,,5.3,4.2,9.5,0.186,,2.9,1.2,4,3.8
207,Mark Olberding,PF,29,SAC,81,2157,11.2,0.618,0.005,0.521,6,16.2,11.1,15.6,0.9,0.6,23,12.1,,2.3,1.6,3.9,0.087,,-1.1,0.6,-0.5,0.8
208,Jawann Oldham,C,28,CHI,52,1276,11.9,0.533,0.003,0.282,9.6,17.9,13.6,3.9,1.1,6,19.2,14.3,,0.2,1.1,1.3,0.049,,-2.7,1,-1.7,0.1
209,Louis Orr,SF,27,NYK,74,2237,12.4,0.509,0.005,0.375,5.9,10,7.9,11.9,1.3,0.7,12,18.4,,1.5,2.3,3.7,0.08,,-0.6,-0.1,-0.7,0.7
210,Robert Parish*,C,32,BOS,81,2567,18.8,0.586,0,0.347,11.3,21.1,16.5,7.7,1.2,2.5,14.4,20.8,,4.4,4.8,9.2,0.171,,1.5,0.6,2.1,2.6
211,Jim Paxson,SG,28,POR,75,1931,15.9,0.545,0.078,0.308,2.5,6.2,4.3,20.1,2.2,0.1,11.1,20.7,,3.5,1.3,4.8,0.12,,1,-0.3,0.6,1.3
212,John Paxson,PG,25,CHI,75,1570,10.5,0.536,0.152,0.28,1.3,5.7,3.4,22.4,1.7,0.1,14.6,11.2,,2.1,0.2,2.2,0.069,,-1.4,-0.7,-2,0
213,Sam Perkins,PF,24,DAL,80,2626,17.6,0.573,0.036,0.414,8.3,20.1,14.3,7.8,1.3,1.9,11.9,19,,5,2.3,7.3,0.133,,1.3,-0.3,1,1.9
214,Jim Petersen,PF,23,HOU,82,1664,10.8,0.525,0.007,0.389,9.5,16.2,12.8,6.1,1.1,1.8,14.9,13.3,,1.4,1.6,2.9,0.085,,-2.1,-0.1,-2.2,-0.1
215,Michael Phelps,SG,24,SEA,70,880,7.7,0.438,0.042,0.259,3.8,8.3,6,11.5,2.5,0.1,16.3,18.1,,-1,1,-0.1,-0.003,,-4.6,0.3,-4.4,-0.5
216,Ricky Pierce,SG,26,MIL,81,2147,16.6,0.603,0.029,0.388,4.9,7,6,11.6,1.8,0.2,10.3,19.5,,5.7,2.6,8.3,0.186,,1.4,0.5,1.9,2.1
217,Ed Pinckney,SF,22,PHO,80,1602,12.8,0.599,0.004,0.556,7.1,14.7,11.1,7.7,2,1.3,20.6,17.8,,0.8,1.8,2.7,0.08,,-1.4,0,-1.4,0.2
218,Charles Pittman,PF,27,PHO,69,1132,10.3,0.63,0,0.647,10.5,14.3,12.5,6.6,1.5,1.1,27.6,13.6,,0.4,1.1,1.5,0.065,,-2.1,0.1,-2.1,0
219,David Pope,SF,23,SEA,11,74,9.2,0.483,0.05,0.2,9.4,8.2,8.8,7.6,1.3,0.8,8.4,13.4,,0.1,0.1,0.1,0.081,,-2.2,-0.1,-2.4,0
220,Ben Poquette,PF,30,CLE,81,1496,10.4,0.518,0.029,0.287,8.9,18.6,13.8,6.8,1,1.2,14.8,12.6,,0.9,1.4,2.3,0.075,,-1.7,0.2,-1.4,0.2
221,Terry Porter,PG,22,POR,79,1214,14.8,0.545,0.094,0.347,3.3,7.7,5.5,22.2,3.1,0,17.1,20.2,,1.2,1.1,2.3,0.093,,-0.4,0.7,0.3,0.7
222,Paul Pressey,SF,27,MIL,80,2704,18.6,0.564,0.052,0.465,5.3,11.1,8.2,30.4,2.9,1.5,19.1,18.6,,5.1,4.7,9.8,0.174,,3.3,2.4,5.7,5.3
223,Kurt Rambis,PF,27,LAL,74,1573,12.7,0.632,0,0.454,11.8,24.9,18.7,5.1,2,1.2,23.1,10.8,,1.7,2.6,4.3,0.131,,-0.5,1.1,0.6,1.1
224,Kelvin Ransey,PG,27,NJN,79,1504,11.8,0.514,0.048,0.293,2.5,6.1,4.3,22.6,1.6,0.2,16.7,18.1,,0.9,1.1,2,0.063,,-1.1,-0.8,-1.9,0.1
225,Blair Rasmussen,C,23,DEN,48,330,8.7,0.458,0,0.26,11.2,19.9,15.3,6.4,0.4,1.7,19.3,24.2,,-0.5,0.4,-0.1,-0.021,,-6.1,-2,-8.1,-0.5
226,Robert Reid,SF,30,HOU,82,2157,13.7,0.506,0.037,0.243,3.3,11.8,7.5,13.5,2,0.4,9,19.4,,2.5,1.9,4.4,0.098,,-1.2,0.1,-1.2,0.5
227,Jerry Reynolds,SF,23,MIL,55,508,15.2,0.489,0.012,0.642,8.2,9.3,8.8,22.1,4,2.2,20,20.5,,0,1,1,0.096,,0.5,3.1,3.6,0.7
228,Clint Richardson,SG,29,IND,82,2224,12.2,0.496,0.012,0.2,3.4,8.8,6.1,23.2,1.2,0.2,14.5,17.3,,1.2,1.9,3.1,0.067,,-0.7,-0.3,-1,0.6
229,Micheal Ray Richardson,PG,30,NJN,47,1604,16.9,0.498,0.041,0.271,5.4,12.1,8.7,29.8,3.6,0.4,16.9,22.1,,1,2.3,3.3,0.099,,0.8,2.1,2.8,1.9
230,Doc Rivers,PG,24,ATL,53,1571,17.4,0.52,0.034,0.61,3.5,7.9,5.7,38.6,3.7,0.5,19.3,19,,1.9,2.2,4.2,0.128,,1.6,1.8,3.4,2.1
231,Fred Roberts,PF,25,UTA,58,469,9.1,0.526,0.012,0.521,7.3,11.2,9.3,8.1,0.8,0.7,20.5,22.3,,-0.3,0.5,0.2,0.02,,-4.2,-1.3,-5.5,-0.4
232,Alvin Robertson,SG,23,SAS,82,2878,19.5,0.563,0.027,0.299,7.5,12.8,10.2,21.8,4.8,0.8,17.1,20.9,,4,4.6,8.6,0.143,,1.5,3.3,4.7,4.9
233,Rick Robey,C,30,PHO,46,629,5.7,0.417,0.016,0.251,7.6,19,13.5,11.9,1.4,0.4,23.7,17.6,,-1.2,0.7,-0.6,-0.042,,-5.7,-0.6,-6.3,-0.7
234,Cliff Robinson,SF,25,WSB,78,2563,18.3,0.518,0.003,0.281,7.6,21,14.4,12.1,1.9,1,12.7,26.4,,1.5,4.1,5.6,0.104,,0.6,0.1,0.7,1.7
235,Tree Rollins,C,30,ATL,74,1781,11,0.537,0.003,0.259,8.1,20.2,14.2,3,1,5.5,19.1,10.9,,0.5,3,3.4,0.093,,-2.3,2.5,0.3,1
236,Dan Roundfield,PF,32,WSB,79,2321,14.7,0.56,0.009,0.548,9.8,20.1,15,10.4,0.8,1.2,18.6,18.1,,2.1,3.1,5.1,0.106,,-0.5,-0.2,-0.8,0.7
237,Derrick Rowland,SG,26,MIL,2,9,7,0.387,0,0.667,0,12.3,6.2,13.9,0,0,0,17.3,,0,0,0,0.048,,-5.6,-3.3,-8.9,0
238,Jeff Ruland,PF,27,WSB,30,1114,20,0.604,0.01,0.522,10.4,20.6,15.5,22.2,1,1.3,20.4,22.2,,1.9,1.6,3.5,0.151,,2.6,0.9,3.5,1.5
239,Walker Russell,PG,25,DET,1,2,-0.8,0,0,0,0,0,0,52.7,0,0,0,19.6,,0,0,0,-0.271,,-3.4,-4.3,-7.7,0
240,Ralph Sampson*,PF,25,HOU,79,2864,16.9,0.516,0.012,0.294,9.6,23.6,16.5,13.5,1.6,2.5,16.5,23.6,,1.1,4,5,0.084,,-0.1,0.5,0.4,1.8
241,Mike Sanders,SF,25,PHO,82,1644,16,0.573,0.022,0.38,7.6,11.4,9.6,13.5,2.1,1.1,15.3,22.6,,2.2,1.7,3.9,0.115,,0.2,0,0.2,0.9
242,Danny Schayes,C,26,DEN,80,1654,13.4,0.585,0.002,0.632,9.3,18.8,13.9,5.9,1.1,2.1,15.7,15.5,,2.4,2.2,4.6,0.134,,-2.1,0.1,-2,0
243,Detlef Schrempf,SF,23,DAL,64,969,10.9,0.52,0.022,0.483,8.1,14.2,11.2,11.8,1.1,0.6,18,19.6,,0.3,0.5,0.8,0.04,,-2.9,-0.9,-3.8,-0.4
244,Byron Scott,SG,24,LAL,76,2190,15,0.55,0.062,0.178,3,6.6,4.9,10.2,1.8,0.4,9.4,21.7,,3.2,2,5.2,0.113,,0,-0.3,-0.3,0.9
245,Carey Scurry,SF,23,UTA,78,1168,11.9,0.509,0.037,0.419,9.2,13.3,11.3,9.7,3.1,3.2,21.2,15.7,,-0.4,2.1,1.8,0.072,,-2.6,2.4,-0.2,0.5
246,Lonnie Shelton,PF,30,CLE,44,682,8.5,0.508,0.011,0.085,6.2,17,11.6,12,1.5,0.3,19.7,14.6,,-0.1,0.6,0.5,0.037,,-4,0.4,-3.6,-0.3
247,Purvis Short,SF,28,GSW,64,2427,19.1,0.547,0.037,0.309,5.4,9.4,7.3,14.8,1.7,0.5,11,27.1,,4.9,0.9,5.7,0.113,,2.3,-1.3,1,1.8
248,Jerry Sichting,PG,29,BOS,82,1596,11.9,0.609,0.039,0.16,2,5,3.6,14.9,1.5,0,14.2,13.2,,2.4,1.8,4.2,0.126,,-0.7,0.4,-0.2,0.7
249,Jack Sikma*,C,30,SEA,80,2790,17.6,0.535,0.012,0.374,6,26.2,15.9,16.5,1.6,1.6,14.3,22.4,,3.4,4.4,7.8,0.134,,1,1.5,2.5,3.1
250,Derek Smith,SG,24,LAC,11,339,21.8,0.594,0.011,0.464,6.4,6.9,6.7,16.3,1.2,2.1,13.1,29.7,,0.7,0.1,0.8,0.115,,4.6,-0.3,4.4,0.6
251,Larry Smith,PF,28,GSW,77,2441,13.4,0.539,0.002,0.387,16.4,21.8,19,4.9,1.2,1.1,16.4,13.2,,2.7,1.6,4.3,0.085,,-0.4,-1.7,-2.1,-0.1
252,Mike Smrek,C,23,CHI,38,408,6.5,0.401,0.016,0.238,12.3,18.4,15.2,6.1,0.7,3.2,17.7,16.3,,-0.5,0.2,-0.2,-0.024,,-6.2,-1.2,-7.5,-0.6
253,Ricky Sobers,SG,33,SEA,78,1279,13.4,0.506,0.079,0.231,2.6,6.6,4.6,21.7,1.7,0.1,12.5,22.3,,1.1,1.1,2.2,0.081,,-0.7,-0.6,-1.3,0.2
254,Rory Sparrow,PG,27,NYK,74,2344,13,0.511,0.028,0.176,2.3,6.1,4.1,30,1.8,0.4,16.5,16.7,,1.5,2.2,3.7,0.077,,-0.3,0,-0.3,1
255,Larry Spriggs,SF,26,LAL,43,471,10.5,0.501,0.005,0.255,7.1,12.2,9.8,13.3,1.8,1.1,20.2,22.9,,-0.3,0.6,0.3,0.027,,-3.6,-0.4,-3.9,-0.2
256,Terence Stansbury,SG,24,IND,74,1331,9.5,0.499,0.12,0.299,2.4,8.9,5.7,21.3,2.1,0.3,21.8,19.7,,-0.9,1.5,0.6,0.02,,-3.7,0.3,-3.4,-0.5
257,Steve Stipanovich,C,25,IND,79,2397,15.9,0.526,0.011,0.356,7.9,20.2,14.1,12.3,1.5,1.7,12.5,20,,2.5,3.4,5.9,0.118,,0.4,1,1.4,2
258,Alex Stivrins,SF,23,SEA,3,14,-5.9,0.26,0,1,24.7,0,12.7,9.3,0,0,34.2,26.2,,-0.1,0,-0.1,-0.347,,-9.9,-7.1,-17,-0.1
259,John Stockton*,PG,23,UTA,82,1935,17,0.566,0.032,0.44,1.9,8.1,5,41.8,3.8,0.3,23.2,15.1,,2.9,2.9,5.9,0.146,,0.5,1.9,2.4,2.1
260,Greg Stokes,PF,22,PHI,31,350,10.6,0.491,0.008,0.176,8.6,9.6,9.1,6.9,1.9,1.8,12.9,16.9,,0.1,0.4,0.5,0.068,,-2.8,0,-2.9,-0.1
261,Jon Sundvold,PG,24,SAS,70,1150,13.4,0.503,0.126,0.101,2.2,5.6,4,31.7,1.4,0,14.6,20.4,,1,0.5,1.5,0.062,,-0.1,-1.8,-1.9,0
262,Terry Teagle,SG,25,GSW,82,2158,14.2,0.542,0.026,0.277,4.6,7.3,5.9,7.6,1.5,0.9,11.2,22,,2.5,0.6,3.1,0.069,,-0.8,-1.3,-2.1,0
263,Reggie Theus,SG,28,SAC,82,2919,17.9,0.556,0.031,0.431,2.8,8.9,5.9,38.2,1.8,0.4,19.5,23.3,,4.5,1.9,6.4,0.105,,2.3,-1.1,1.2,2.4
264,Peter Thibeaux,SF,24,GSW,42,531,9.5,0.455,0.021,0.206,5.5,10,7.7,7.2,2,1.6,13.3,21.7,,-0.5,0.3,-0.2,-0.015,,-4.3,-1,-5.4,-0.5
265,David Thirdkill,PF,25,BOS,49,385,12.1,0.548,0.009,0.8,8.3,11.5,10,4.9,1.4,0.4,11.3,17.9,,0.5,0.5,1,0.129,,-2.4,-0.8,-3.2,-0.1
266,Isiah Thomas*,PG,24,DET,77,2790,21.2,0.554,0.067,0.37,3.1,7.6,5.3,40.7,2.8,0.4,16.6,24.4,,6.1,2.7,8.8,0.151,,4.3,0.7,5,4.9
267,Jim Thomas,SG,25,LAC,6,69,5.3,0.409,0,0.133,4.7,8.1,6.4,22.6,3.4,0.8,36.2,14.5,,-0.2,0,-0.1,-0.081,,-6.3,0.7,-5.6,-0.1
268,Bernard Thompson,SG,23,PHO,61,1281,11.8,0.552,0.005,0.393,5.4,7.2,6.3,14,1.8,0.4,16.1,17.4,,1.2,1,2.1,0.08,,-1.6,-0.3,-1.9,0
269,LaSalle Thompson,C,24,SAC,80,2377,16.4,0.559,0.001,0.348,12.1,24.5,18.3,9.8,1.4,2.6,16.7,18.7,,2.5,3.1,5.6,0.113,,0,0.7,0.7,1.6
270,Mychal Thompson,C,31,POR,82,2569,13.7,0.525,0,0.306,8,18.9,13.4,9.6,1.4,0.8,14.6,20.7,,1.3,2.4,3.7,0.068,,-0.8,-1,-1.9,0.1
271,Paul Thompson,SF,24,PHI,23,432,9.3,0.42,0.062,0.222,7,9.3,8.2,7.9,1.7,2.2,12.3,22.6,,-0.4,0.4,0.1,0.008,,-3.4,-0.5,-3.9,-0.2
272,Bob Thornton,PF,23,NYK,71,1323,6.9,0.487,0,0.591,9.2,15.9,12.4,4.5,1.1,0.3,19.4,13.6,,-0.6,1.6,0.9,0.034,,-4.8,-0.3,-5.1,-1
273,Otis Thorpe,PF,23,SAC,75,1675,14.4,0.617,0,0.504,9.3,19,14.2,6.9,1,1.2,17,17.5,,2.3,1.5,3.8,0.109,,-0.6,-0.2,-0.8,0.5
274,Sedale Threatt,SG,24,PHI,70,1754,11.1,0.481,0.035,0.132,1.3,6.4,3.9,16,2.5,0.2,12.4,18.9,,0.5,1.6,2.1,0.056,,-2.7,0.4,-2.3,-0.1
275,Wayman Tisdale,PF,21,IND,81,2277,14,0.539,0.002,0.234,9.2,18.6,13.9,5.4,0.7,1.1,14.5,23.3,,0.7,2.6,3.2,0.068,,-1.5,-1.3,-2.8,-0.4
276,Andrew Toney,SG,28,PHI,6,84,2.1,0.316,0.056,0.222,2.7,4,3.3,19.5,1.1,0,15,22.3,,-0.3,0,-0.2,-0.128,,-6.5,-2.5,-9,-0.1
277,Sedric Toney,PG,23,TOT,13,230,7.3,0.502,0.152,0.47,1.6,10.6,6.2,14.8,1.2,0,21.6,17.7,,-0.2,0.2,0,-0.001,,-4.2,-1.4,-5.6,-0.2
277,Sedric Toney,PG,23,ATL,3,24,-5.5,0.336,0,0.143,0,9.2,4.6,0,2,0,28.7,17.8,,-0.1,0,-0.1,-0.169,,-13.8,-0.8,-14.6,-0.1
277,Sedric Toney,PG,23,PHO,10,206,8.8,0.519,0.169,0.508,1.7,10.7,6.4,16.6,1.1,0,20.8,17.6,,-0.1,0.1,0.1,0.018,,-3.1,-1.4,-4.5,-0.1
278,Kelly Tripucka,SF,26,DET,81,2626,18.3,0.567,0.02,0.359,4.6,9.6,7,14.1,1.6,0.2,11.3,24.1,,5.6,1.9,7.5,0.136,,2.3,-0.6,1.8,2.5
279,Trent Tucker,SG,26,NYK,77,1788,14.6,0.522,0.123,0.135,4.2,6.6,5.3,17.2,1.8,0.3,8.2,20,,2.3,1.7,4,0.107,,0.6,0.3,0.9,1.3
280,Elston Turner,SG,26,DEN,73,1324,9.6,0.459,0.024,0.14,4.8,11.3,7.9,15.3,2.4,0.3,16.6,14,,-0.3,1.6,1.3,0.047,,-2.9,1,-1.9,0
281,Jeff Turner,PF,23,NJN,53,650,8.4,0.55,0.006,0.456,7.7,15.9,11.8,2.8,1.5,0.3,19.3,15.6,,0.1,0.7,0.8,0.057,,-4.5,-0.5,-5,-0.5
282,Melvin Turpin,C,25,CLE,80,2292,16.4,0.585,0.005,0.272,8.8,18,13.4,3.5,1.3,2.6,12.5,19.1,,3.4,2.6,6,0.125,,0.2,0.1,0.4,1.4
283,Terry Tyler,SF,29,SAC,71,1651,13.3,0.483,0.005,0.173,7.5,13.9,10.7,8,1.8,3.7,11.9,19.4,,0.1,1.9,1.9,0.056,,-1.4,0.8,-0.6,0.6
284,Darnell Valentine,PG,26,TOT,62,1217,12.4,0.49,0.036,0.451,2.9,8.6,5.8,26.9,2.7,0.1,19.8,19,,0.1,0.9,1,0.038,,-1.5,-0.2,-1.7,0.1
284,Darnell Valentine,PG,26,POR,28,734,12.7,0.512,0.015,0.485,3.1,8,5.6,24.2,3.1,0.1,18.8,16.6,,0.4,0.7,1.1,0.074,,-1,1,0,0.4
284,Darnell Valentine,PG,26,LAC,34,483,11.8,0.465,0.06,0.412,2.7,9.5,6.1,31,2.2,0.1,21,22.6,,-0.3,0.2,-0.2,-0.017,,-2.2,-2.1,-4.3,-0.3
285,Kiki Vandeweghe,SF,27,POR,79,2791,19.7,0.614,0.006,0.452,3.7,5,4.4,10.3,0.9,0.3,10,25.1,,9,0.9,9.9,0.169,,3.5,-2.1,1.4,2.4
286,Nick Vanos,C,22,PHO,11,202,3.4,0.329,0,0.319,12.5,21.3,17.1,10.2,0.5,1.4,19.6,20.2,,-0.6,0.2,-0.4,-0.106,,-7.9,-2.2,-10.1,-0.4
287,Pete Verhoeven,PF,26,GSW,61,749,10.1,0.554,0.012,0.257,9.1,14.3,11.6,4.8,1.8,1.2,13.9,11.3,,0.7,0.5,1.2,0.076,,-2.8,0,-2.9,-0.2
288,Jay Vincent,PF,26,DAL,80,1994,16.4,0.532,0.003,0.298,6,14.1,10.2,13,1.6,0.6,12.2,24.2,,2.2,1.2,3.4,0.081,,0.1,-1.3,-1.2,0.4
289,Sam Vincent,SG,22,BOS,57,432,10,0.477,0.025,0.432,3,8.9,6.1,20,1.9,0.5,20.3,23,,-0.3,0.6,0.3,0.037,,-4.1,-0.7,-4.8,-0.3
290,Danny Vranes,SF,27,SEA,80,1569,7.8,0.475,0.014,0.264,8.5,12.8,10.6,5.8,2,1.2,15.5,10,,0.2,1.9,2.1,0.065,,-2.9,1.2,-1.6,0.1
291,Granville Waiters,C,25,HOU,43,156,3.2,0.324,0.026,0.154,10.3,9.1,9.7,5.9,1.2,3.6,20.9,13.2,,-0.3,0.1,-0.2,-0.051,,-6.6,-0.4,-7.1,-0.2
292,Darrell Walker,PG,24,NYK,81,2023,14,0.479,0.013,0.368,5.3,7,6.2,25.3,3.5,1.1,18,22.1,,-0.9,3,2.1,0.05,,-0.6,1.9,1.3,1.7
293,Bill Walton*,C,33,BOS,80,1546,17,0.606,0,0.491,10.4,27.3,19.4,13.6,1.2,3.8,23.2,17.3,,1.6,3.4,5,0.157,,0.1,2.9,3,2
294,Bryan Warrick,PG,26,TOT,36,685,11.1,0.536,0.066,0.374,1.6,9.3,5.5,22.4,1.9,0.2,20,15.9,,0.3,0.7,1,0.071,,-2.4,0.3,-2.1,0
294,Bryan Warrick,PG,26,MIL,5,27,8.4,0.479,0.2,0.1,0,12.3,6.2,29.2,3.5,0,32.4,23,,-0.1,0,0,-0.038,,-3.3,1.6,-1.7,0
294,Bryan Warrick,PG,26,IND,31,658,11.2,0.539,0.058,0.39,1.7,9.2,5.4,22.2,1.8,0.2,19.2,15.6,,0.4,0.7,1,0.075,,-2.4,0.2,-2.2,0
295,Spud Webb,PG,22,ATL,79,1229,18.5,0.578,0.027,0.667,2.4,8.6,5.5,38.7,3.2,0.2,23,23,,1.9,1.6,3.5,0.137,,1.7,1.2,2.9,1.5
296,Scott Wedman,SF,33,BOS,79,1402,12.5,0.499,0.079,0.112,5.5,9.3,7.5,8.1,1.3,0.9,7.8,20.2,,0.9,1.8,2.7,0.093,,-1,-0.4,-1.4,0.2
297,Bill Wennington,C,22,DAL,56,562,11.4,0.524,0.026,0.405,6.4,19.2,12.9,4.7,0.9,2.1,10.4,14.6,,0.5,0.4,0.9,0.08,,-2.4,-0.4,-2.8,-0.1
298,Mark West,C,25,CLE,67,1172,7.7,0.55,0,0.493,9.1,21.2,15.2,2.2,1.1,3,26.4,12.1,,-0.6,1.5,0.9,0.037,,-5,1,-4,-0.6
299,Ennis Whatley,PG,23,TOT,14,107,11.5,0.444,0,0.286,4.1,10.2,7.2,29.8,2.2,0.5,20.2,19,,-0.1,0.1,0,0.011,,-2.6,1.4,-1.1,0
299,Ennis Whatley,PG,23,CLE,8,66,12.4,0.498,0,0.368,3.3,8.4,5.9,26.5,3.6,0,21.4,17.4,,0,0.1,0.1,0.049,,-2.7,3.1,0.4,0
299,Ennis Whatley,PG,23,WSB,4,27,17.8,0.359,0,0.214,8,20,14,40,0,2.1,0,23.7,,0,0,0,0.075,,1.8,0.9,2.7,0
299,Ennis Whatley,PG,23,SAS,2,14,-5.1,0.5,0,0,0,0,0,25.6,0,0,66.7,17.3,,-0.1,0,-0.1,-0.295,,-10.1,-5.7,-15.8,0
300,Rory White,SF,26,LAC,75,1761,14,0.56,0.013,0.325,5.1,6.3,5.7,6.4,2,0.2,10.8,20,,2.3,0.3,2.6,0.07,,-0.8,-1.3,-2.1,-0.1
301,Willie White,SG,23,DEN,43,343,15.1,0.486,0.125,0.137,5,8.6,6.7,21.4,2.4,0.3,12.3,22.8,,0.1,0.4,0.5,0.07,,0.4,-0.1,0.3,0.2
302,Jerome Whitehead,C,29,GSW,81,1079,7.9,0.463,0,0.33,9.1,24.4,16.5,2.2,0.8,1,16,14.6,,-0.4,0.7,0.3,0.013,,-4.6,-1.9,-6.5,-1.2
303,Mitchell Wiggins,SG,26,HOU,78,1198,12.6,0.491,0.025,0.241,7.7,6.6,7.2,11,2.3,0.2,10.3,19.7,,1.1,0.9,2,0.079,,-1.8,-0.5,-2.3,-0.1
304,Jamaal Wilkes*,SF,32,LAC,13,195,10.2,0.488,0.046,0.415,7.3,9.2,8.2,10.6,1.7,0.6,17.2,19.1,,0,0,0,0.005,,-2.2,-1.2,-3.4,-0.1
305,Dominique Wilkins*,SF,26,ATL,78,3049,23.3,0.536,0.037,0.372,9.5,12.9,11.2,11.7,2.2,0.9,10.2,32.9,,7,3.9,10.8,0.17,,4.6,-0.5,4.2,4.8
306,Gerald Wilkins,SG,22,NYK,81,2025,12.2,0.488,0.027,0.254,4.9,6.8,5.8,13.2,1.6,0.3,13.1,24.7,,-1.2,1.9,0.7,0.018,,-1.2,-0.9,-2.1,-0.1
307,Jeff Wilkins,C,30,TOT,75,1126,7.2,0.424,0,0.249,7.5,19.2,13.4,5.5,0.5,1,11.1,16.7,,-0.8,1.1,0.3,0.012,,-4.6,-1.6,-6.2,-1.2
307,Jeff Wilkins,C,30,UTA,48,604,7.7,0.426,0,0.196,7.3,18.7,13.1,6.5,0.2,1,10.9,19.6,,-0.6,0.7,0.1,0.006,,-4.9,-1.7,-6.7,-0.7
307,Jeff Wilkins,C,30,SAS,27,522,6.7,0.421,0,0.343,7.6,19.8,13.9,4.3,0.7,1.1,11.5,13.4,,-0.2,0.4,0.2,0.02,,-4.1,-1.5,-5.6,-0.5
308,Buck Williams,PF,25,NJN,82,3070,15.1,0.565,0.002,0.465,12,24.1,18,5.8,1.1,1.8,17.5,18.1,,2.8,4,6.8,0.106,,-0.1,-0.4,-0.6,1.1
309,Freeman Williams,SG,29,WSB,9,110,12.5,0.463,0.209,0.254,3.9,7.8,5.9,10.5,3.1,0.5,14.9,33.2,,-0.2,0.1,-0.1,-0.034,,-1.8,-0.4,-2.1,0
310,Gus Williams,PG,32,WSB,77,2284,15,0.473,0.115,0.186,2.5,5.4,3.9,30.8,2,0.4,12.7,23,,0.7,2.2,2.8,0.06,,0.6,-0.9,-0.3,1
311,Guy Williams,PF,25,GSW,5,25,8.5,0.458,0,1.2,0,27,13,0,1.8,4.4,0,12,,0,0,0,0.079,,-4.9,2.9,-2.1,0
312,Herb Williams,C,27,IND,78,2770,17.9,0.533,0.009,0.316,6.8,20.9,13.9,9.7,0.9,3.8,12.6,24.6,,2,4.2,6.2,0.107,,0.7,0.7,1.4,2.4
313,Pete Williams,PF,20,DEN,53,573,11.6,0.587,0,0.36,8.2,18.9,13.3,3,1.5,2.2,12.9,9.9,,0.6,0.8,1.4,0.116,,-1.6,0.6,-1,0.1
314,Ray Williams,PG,31,TOT,47,827,13.5,0.491,0.062,0.412,4.8,6.8,5.8,30,3.5,0.3,21.8,22.6,,0,1,1,0.058,,-1.3,0.5,-0.8,0.3
314,Ray Williams,PG,31,ATL,19,367,13.7,0.484,0.077,0.336,5.7,7.8,6.8,25.5,3.7,0.2,20,22.8,,0,0.5,0.5,0.063,,-0.8,1.6,0.8,0.3
314,Ray Williams,PG,31,SAS,23,397,14.2,0.515,0.046,0.489,3.8,6.7,5.3,35.8,3.3,0.4,24.3,21.3,,0.2,0.4,0.6,0.071,,-1,-0.1,-1.1,0.1
314,Ray Williams,PG,31,NJN,5,63,7.8,0.419,0.063,0.438,5.3,1.8,3.6,19.4,3.7,0,19.1,29.9,,-0.1,0.1,-0.1,-0.06,,-6.2,-1.7,-7.9,-0.1
315,Sly Williams,SF,28,BOS,6,54,-0.6,0.323,0.19,0.571,15.3,15.3,15.3,4.4,0.9,1,21,25.3,,-0.2,0.1,-0.2,-0.136,,-10.5,-1.7,-12.3,-0.1
316,Kevin Willis,PF,23,ATL,82,2300,14.1,0.545,0.007,0.324,11.7,22,16.9,2.8,1.4,1.1,16,19.6,,1.4,3.3,4.7,0.099,,-1.3,-0.6,-1.9,0
317,Voise Winters,SF,23,PHI,4,17,-5.6,0.231,0.077,0,6.6,13.1,9.9,0,2.8,0,13.3,35.5,,-0.1,0,-0.1,-0.355,,-15,-6.9,-21.8,-0.1
318,Randy Wittman,SG,26,ATL,81,2760,13,0.555,0.018,0.153,2,4.7,3.4,15.8,1.4,0.3,10.8,15.6,,3.9,2,5.9,0.103,,0.3,0.2,0.5,1.7
319,Al Wood,SG,27,SEA,78,1749,13.5,0.489,0.045,0.293,5.3,11.4,8.3,10.3,1.6,0.7,10.4,24.6,,0.7,1.8,2.5,0.068,,-0.8,-0.7,-1.5,0.2
320,Leon Wood,PG,23,TOT,68,1198,13.3,0.498,0.245,0.333,2.3,5.9,4.1,22,1.4,0,12.2,21,,1.1,0.9,1.9,0.077,,-0.2,-1.5,-1.7,0.1
320,Leon Wood,PG,23,PHI,29,455,13.5,0.51,0.213,0.25,2.2,4.4,3.3,22.3,1.5,0,4.4,14,,1,0.3,1.3,0.137,,-0.1,-0.8,-0.9,0.1
320,Leon Wood,PG,23,WSB,39,743,13.1,0.493,0.258,0.367,2.3,6.8,4.6,21.7,1.3,0,14.9,25.3,,0,0.6,0.6,0.04,,-0.4,-1.9,-2.3,0
321,Mike Woodson,SG,27,SAC,81,2417,14.2,0.527,0.012,0.269,4.4,6.1,5.3,11.9,1.8,0.9,10.8,22.5,,2.5,1.5,4,0.079,,-0.3,-0.5,-0.7,0.8
322,Orlando Woolridge,SF,26,CHI,70,2248,19.6,0.56,0.021,0.424,7.3,10.4,8.8,14.9,1,1.2,11.9,26.5,,5.2,0.4,5.6,0.12,,3.8,-1.9,2,2.3
323,James Worthy*,SF,24,LAL,75,2454,20.4,0.613,0.012,0.289,6.6,11.1,9,11.5,1.6,1.7,10.9,22.6,,6.7,2.7,9.5,0.185,,3.5,0.3,3.9,3.6
324,Danny Young,PG,23,SEA,82,1901,13.7,0.573,0.165,0.236,1.8,5.8,3.7,22.2,2.9,0.3,15.7,12.9,,2.7,2.1,4.8,0.121,,0.2,1.7,1.9,1.9
325,Michael Young,SF,25,PHI,2,2,-32.2,0,0,0,0,0,0,0,0,0,0,40.3,,0,0,0,-0.818,,-28.9,-19.1,-48,0